small,big
0.03684918093172665,0.005592096274810058
0.019809962849809477,0.005841677720927318
0.03481267043256251,0.010440040470456546
0.04778183393359156,0.015680708227558484
0.05354250532258184,0.018763635105419146
0.05662289330073388,0.020831132886575274
0.059367083155784116,0.023377667365728733
0.059437583349752646,0.025307347293795947
0.05886156732848463,0.025386757244014048
0.05811150874325005,0.025341874747602165
0.05720260262057655,0.025180986036941536
