q_small,q_big
0.15909005109410143,0.3351459069912922
0.1722134687694832,0.3406583643560611
0.17809073043416224,0.34369103752922925
0.1855594982203227,0.34798052327626583
0.19058136604923873,0.3511215794489772
0.19437650011957272,0.35362617921819106
0.1999441771570639,0.357495766556881
0.20697912591410092,0.3626920651955153
0.20823266194237317,0.36365195892857893
0.2093415210210938,0.3645091649039769
0.21032289657260064,0.36527322059307327
