q_small,q_big
0.2334058801218759,0.41992333014564387
0.2334058801218759,0.41992333014564387
0.2334058801218759,0.41992333014564387
0.2334058801218759,0.41992333014564387
0.2334058801218759,0.41992333014564387
0.2334058801218759,0.41992333014564387
0.2334058801218759,0.41992333014564387
0.2334058801218759,0.41992333014564387
0.2334058801218759,0.41992333014564387
0.2334058801218759,0.41992333014564387
0.2334058801218759,0.41992333014564387
