q_small,q_big
0.16495238917130564,0.337020075169296
0.16880192635092292,0.3386683479785548
0.17189091652846342,0.34010288918809095
0.17669312509155866,0.3425239422218976
0.18037716224316247,0.34453326225455816
0.18337034029313207,0.34625974528672504
0.18807407456526565,0.3491383494416581
0.19467678686592257,0.3535132911409083
0.1959757610914626,0.3544200149259489
0.19717636939195124,0.35527181930262725
0.19829187949794955,0.35607528072565053
