q_sinkl,q_source
-0.20654961012721462,0.5019015049649774
-0.19195073862561945,0.4895557357889082
-0.18192603258081574,0.48109438750105954
-0.16861719834278355,0.47020784706356167
-0.1598080445263059,0.4632842824624914
-0.15333112620316944,0.4583631803909556
-0.14416369353602868,0.4516734158030889
-0.1378371477558178,0.4472602766123787
-0.13317672412161569,0.44412400783805656
-0.13128867741184366,0.442882470854321
-0.12963545691306202,0.4418092415612366
-0.12818595774008862,0.4408784541894998
