q_sinkl,q_source
-0.22138445293916276,0.5572310941216745
-0.22138445293916276,0.5572310941216745
-0.22138445293916276,0.5572310941216745
-0.22138445293916276,0.5572310941216745
-0.22138445293916276,0.5572310941216745
-0.22138445293916276,0.5572310941216745
-0.22138445293916276,0.5572310941216745
-0.22138445293916276,0.5572310941216745
-0.13764248846996763,0.4843204368983389
-0.13764248846996763,0.4843204368983389
-0.13764248846996763,0.4843204368983389
-0.13764248846996763,0.4843204368983389
