q_sinkl,q_source
-0.2117879433106439,0.5066608788553613
-0.19412495055815354,0.4905193410003212
-0.18324597116991173,0.48097742818423117
-0.16947882366338782,0.4693918007320672
-0.16056187514345943,0.4622050876007589
-0.1540543267814438,0.45712824464674534
-0.14487577851931704,0.450217564842942
-0.13854065259126008,0.44561383789850867
-0.13600546308802094,0.43898179178249025
-0.133744011072185,0.4383499451490878
-0.13173422076066285,0.43780494364134986
-0.12994348977995807,0.4373385090855184
