q_sinkl,q_source
-0.21153543796989988,0.5071833387249919
-0.19386061747872188,0.4910541333404302
-0.18297488918991875,0.4815243287681824
-0.16920203741986603,0.46996422064815446
-0.16028572766135296,0.4628065639613608
-0.1537831462790483,0.45776372032600837
-0.144623857385126,0.45094063570337306
-0.1383167964327636,0.44645976550146016
-0.13379130541995576,0.4432252114303298
-0.13190135245707285,0.441984204366198
-0.13024084910117226,0.4409184860285414
-0.12877807654325862,0.4400023530539603
