err_q_metab,h
0.04829926486218331,12.5
0.019002504238574112,6.25
0.016602651166720966,4.166666666666667
0.014145826802804075,3.125
0.013966790675455724,2.272727272727273
