err_phi_metab,h
0.02321746959999272,12.5
0.013325741276245485,6.25
0.010072605737269015,4.166666666666667
0.011024786759064523,3.125
0.010409239056700652,2.272727272727273
