err_phi_metab,h
0.02321811272818788,12.5
0.013250705697371818,6.25
0.009919875033236191,4.166666666666667
0.01086355896836309,3.125
0.010281964901371,2.272727272727273
