err_phi_linear,h
0.03194589271321471,12.5
0.012585920230914793,6.25
0.010748691896439741,4.166666666666667
0.010562915490555404,3.125
0.009692283508960413,2.272727272727273
