err_phi_linear,h
0.03194589271321477,12.5
0.012585920230914784,6.25
0.010748691896439708,4.166666666666667
0.01056291549055533,3.125
0.009692283508960623,2.272727272727273
