err_q_metab,h
0.048297556877930366,12.5
0.01896160030848119,6.25
0.01636102930899011,4.166666666666667
0.013911566890046998,3.125
0.013728864358345435,2.272727272727273
