err_q_linear,h
0.03641378933651642,12.5
0.013208244020761538,6.25
0.014161928784294476,4.166666666666667
0.01050907882744793,3.125
0.010415582948496668,2.272727272727273
