err_q_linear,h
0.03641378933651647,12.5
0.013208244020761612,6.25
0.01416192878429459,4.166666666666667
0.010509078827447695,3.125
0.010415582948497084,2.272727272727273
