err_phi_metab,h
0.0232181127281879,12.5
0.013250705697371756,6.25
0.009919875033236084,4.166666666666667
0.010863558968363057,3.125
0.010281964901370944,2.272727272727273
