err_q_metab,h
0.04829755687793035,12.5
0.01896160030848097,6.25
0.016361029308990017,4.166666666666667
0.013911566890046823,3.125
0.013728864358345695,2.272727272727273
