q_small,q_big
0.16492155086577093,0.336831132854847
0.1729077236137321,0.3403770288108015
0.1781656079994823,0.34305058214216155
0.18523703573673686,0.34703684616297664
0.19009016146482446,0.35001407553266906
0.19377847118992889,0.35240103057886235
0.19920607839171575,0.356104266662169
0.2031186250157942,0.358918770211235
0.20595119352738933,0.36092222572541904
0.20719761937910028,0.3618883004955971
0.20830934520216038,0.36276663284683186
0.20930335672031694,0.36356750065704674
