small,big
0.034277168424979944,0.003122950343300947
0.022273740672221397,0.008314739320816176
0.03726557065012898,0.01292998811159902
0.05024543334911659,0.018208463648699158
0.056026797882941376,0.021331263897117404
0.05912953533290988,0.023440281804317946
0.0619165735723242,0.02607431101010823
0.06204993776536592,0.028183806859281856
0.06148203014868603,0.028304934352964967
0.06073596008268026,0.028298767428929016
0.0598263814303962,0.02817273876780628
