q_small,q_big
0.16454320757019264,0.33619255101658657
0.16837763062584804,0.33782587885898485
0.1714540777370349,0.3392471164999132
0.17623598082019795,0.34164433256773463
0.1799037023733432,0.3436317123777784
0.18288310798786508,0.34533708192393237
0.18756431880176072,0.34817431075487987
0.19413608403240107,0.35247002208065076
0.19543009514289106,0.35335881410377834
0.19662696275670907,0.35419400482064606
0.19774003873870252,0.3549824735704294
