q_sinkl,q_source
-0.15631392287582657,0.5178857829910013
-0.15631392287582657,0.5178857829910013
-0.15631392287582657,0.5178857829910013
-0.15631392287582657,0.5178857829910013
-0.15631392287582657,0.5178857829910013
-0.15631392287582657,0.5178857829910013
-0.15631392287582657,0.5178857829910013
-0.15631392287582657,0.5178857829910013
-0.15631392287582657,0.5178857829910013
-0.15631392287582657,0.5178857829910013
-0.15631392287582657,0.5178857829910013
