q_sinkl,q_source
-0.21177255593793787,0.506831518638646
-0.20310845279720224,0.49884074611613044
-0.196399298919672,0.49278233799093685
-0.18638198169057107,0.4839640274268183
-0.17902347723739212,0.47767328953502636
-0.17324431373958943,0.4728520421089237
-0.16450706781552288,0.4657768852081565
-0.15291030097656336,0.4568253041178631
-0.1507155856598002,0.45519447345081304
-0.14871141986445638,0.45372506482707087
-0.14686996313146217,0.4523927627302627
