q_small,q_big
0.27861554706083724,0.5572310941216745
0.27861554706083724,0.5572310941216745
0.27861554706083724,0.5572310941216745
0.27861554706083724,0.5572310941216745
0.27861554706083724,0.5572310941216745
0.27861554706083724,0.5572310941216745
0.27861554706083724,0.5572310941216745
0.27861554706083724,0.5572310941216745
0.23563727772293513,0.4055872678591048
0.23563727772293513,0.4055872678591048
0.23563727772293513,0.4055872678591048
0.23563727772293513,0.4055872678591048
