q_small,q_big
0.16449120057465313,0.335948096784209
0.17244631943254182,0.3394621608203961
0.17768308808460428,0.3421116856448176
0.1847253864209002,0.3460597398597196
0.18955789608010648,0.34900384136451823
0.1932296803642576,0.3513582685503601
0.198628179553909,0.3549879344852375
0.20250746046542925,0.357702838514274
0.20220357619079815,0.36666967841219783
0.20404418536643998,0.36669410714696343
0.20568887418225593,0.3667229544982259
0.20716388818285453,0.36675235360969144
