q_sinkl,q_source
-0.21151871540587633,0.5072998979598495
-0.20284624170802756,0.4993122685547458
-0.19613045518659958,0.4932577492667946
-0.18610361500111117,0.4844493905384258
-0.1787393275145578,0.4781714224045152
-0.17295731016258747,0.4733656196850935
-0.1642214656367183,0.46632852874370095
-0.15265015762766612,0.4574736958957548
-0.15046582079370982,0.45586939165998885
-0.1484734656668667,0.4544267385206532
-0.14664517324537985,0.4531210759659026
